{
  "num_samples": 490,
  "timestamp": "2026-03-07T16:59:13.319619",
  "eval_baseline": true,
  "baseline": {
    "bleu_mean": 0.007339035104139011,
    "bleu_std": 0.011444613787946891,
    "rouge_l_mean": 0.15332639839799583,
    "rouge_l_std": 0.04575277404214045,
    "exact_match_mean": 0.0,
    "medical_acc_mean": 0.8558223289315726
  },
  "finetuned": {
    "bleu_mean": 0.07424957590976976,
    "bleu_std": 0.09126556885783775,
    "rouge_l_mean": 0.33550000736980623,
    "rouge_l_std": 0.10021660205099861,
    "exact_match_mean": 0.0,
    "medical_acc_mean": 0.9309723889555823
  },
  "bleu_improvement_pct": 911.7075999254325,
  "rouge_l_improvement_pct": 118.81424912814728,
  "exact_match_improvement_pct": 0,
  "medical_acc_improvement_pct": 8.781035208304122
}